Phe,UUU
Phe,UUC
Leu,UUA
Leu,UUG
Leu,CUU
Leu,CUC
Leu,CUA
Leu,CUG
Ile,AUU
Ile,AUC
Ile,AUA
Met,AUG
Val,GUU
Val,GUC
Val,GUA
Val,GUG
Ser,UCU
Ser,UCC
Ser,UCA
Ser,UCG
Pro,CCU
Pro,CCC
Pro,CCA
Pro,CCG
Thr,ACU
Thr,ACC
Thr,ACA
Thr,ACG
Ala,GCU
Ala,GCC
Ala,GCA
Ala,GCG
Tyr,UAU
Tyr,UAC
Stop,UAA
Stop,UAG
His,CAU
His,CAC
Gln,CAA
Gln,CAG
Asn,AAU
Asn,AAC
Lys,AAA
Lys,AAG
Asp,GAU
Asp,GAC
Glu,GAA
Glu,GAG
Cys,UGU
Cys,UGC
Stop,UGA
Trp,UGG
Arg,CGU
Arg,CGC
Arg,CGA
Arg,CGG
Ser,AGU
Ser,AGC
Arg,AGA
Arg,AGG
Gly,GGU
Gly,GGC
Gly,GGA
Gly,GGG